STOCK_ID,CLOSE_PRICE,PRICE_CHANGE,BASE_PRICE,OPEN_PRICE,HIGHEST_PRICE,LOWEST_PRICE,MATCHED_VOLUME,MATCHED_AMOUNT,SELF_DEALED_VOLUME,SELF_DEALED_AMOUNT,RECORDED_DATE
SVI,70.4,4.60 (6.99 %),65.8,70.4,70.4,70.4,100,0.01 TỶ,0,0,13/03/2024
DGC,127.2,8.30 (6.98 %),118.9,120.5,127.2,119.5,3805200,477.24 TỶ,0,0,13/03/2024
ADS,13.8,0.90 (6.98 %),12.9,12.95,13.8,12.8,2101700,28.38 TỶ,0,0,13/03/2024
TCO,10.75,0.70 (6.97 %),10.05,10.7,10.75,10.3,107900,1.15 TỶ,0,0,13/03/2024
HUB,19.2,1.25 (6.96 %),17.95,17.8,19.2,17.8,378700,7.24 TỶ,0,0,13/03/2024
TV2,42.25,2.75 (6.96 %),39.5,40.15,42.25,39.55,2151000,89.55 TỶ,0,0,13/03/2024
GIL,34.65,2.25 (6.94 %),32.4,32.65,34.65,32.5,3253600,111.37 TỶ,0,0,13/03/2024
CTD,75.7,4.90 (6.92 %),70.8,71.4,75.7,71.2,4734100,352.19 TỶ,0,0,13/03/2024
VIX,20.1,1.30 (6.91 %),18.8,18.85,20.1,18.85,37286500,729.69 TỶ,0,0,13/03/2024
VDS,21.7,1.40 (6.90 %),20.3,20.5,21.7,20.45,4145000,88.87 TỶ,0,0,13/03/2024
PIT,6.67,0.43 (6.89 %),6.24,6.24,6.67,6.24,17400,0.11 TỶ,0,0,13/03/2024
VGC,59.0,3.80 (6.88 %),55.2,56.0,59.0,55.4,4442200,257.51 TỶ,0,0,13/03/2024
ORS,17.9,1.15 (6.87 %),16.75,16.9,17.9,16.75,11546000,201.42 TỶ,0,0,13/03/2024
VCI,51.6,3.30 (6.83 %),48.3,48.7,51.6,48.35,13475100,677.32 TỶ,0,0,13/03/2024
ICT,12.55,0.80 (6.81 %),11.75,11.85,12.55,11.8,190700,2.38 TỶ,0,0,13/03/2024
CLC,41.45,2.60 (6.69 %),38.85,39.0,41.5,39.0,12000,0.47 TỶ,0,0,13/03/2024
VRC,12.0,0.75 (6.67 %),11.25,12.0,12.0,12.0,164500,1.97 TỶ,0,0,13/03/2024
NBB,24.5,1.50 (6.52 %),23.0,23.0,24.5,23.0,323600,7.76 TỶ,0,0,13/03/2024
NO1,9.9,0.60 (6.45 %),9.3,9.1,9.95,9.0,386400,3.64 TỶ,0,0,13/03/2024
VID,6.0,0.35 (6.19 %),5.65,5.69,6.04,5.69,45000,0.27 TỶ,0,0,13/03/2024
NHA,18.9,1.10 (6.18 %),17.8,17.8,18.9,17.75,887100,16.32 TỶ,0,0,13/03/2024
TCT,27.3,1.55 (6.02 %),25.75,25.2,27.3,25.2,43400,1.14 TỶ,0,0,13/03/2024
CTS,38.9,2.05 (5.56 %),36.85,37.0,39.0,36.65,2819700,106.7 TỶ,0,0,13/03/2024
TVT,17.4,0.90 (5.45 %),16.5,16.7,17.5,16.7,10400,0.18 TỶ,0,0,13/03/2024
BFC,32.35,1.65 (5.37 %),30.7,31.05,32.8,30.75,711600,22.9 TỶ,0,0,13/03/2024
TCR,3.89,0.19 (5.14 %),3.7,3.5,3.89,3.5,2800,0.01 TỶ,0,0,13/03/2024
VAF,14.9,0.70 (4.93 %),14.2,14.5,15.0,14.3,15400,0.23 TỶ,0,0,13/03/2024
TLG,49.2,2.30 (4.90 %),46.9,46.95,49.45,46.95,570400,27.82 TỶ,0,0,13/03/2024
BSI,61.4,2.80 (4.78 %),58.6,58.6,62.0,58.6,901400,54.46 TỶ,0,0,13/03/2024
NLG,44.5,2.00 (4.71 %),42.5,42.9,44.75,42.6,6057000,265.46 TỶ,0,0,13/03/2024
HTN,15.7,0.70 (4.67 %),15.0,15.1,15.75,14.95,1630500,24.85 TỶ,0,0,13/03/2024
FPT,117.0,5.10 (4.56 %),111.9,112.8,117.0,112.0,5114200,588.11 TỶ,0,0,13/03/2024
SSI,37.95,1.65 (4.55 %),36.3,36.4,38.1,36.3,35787800,"1,334.28 TỶ",0,0,13/03/2024
LEC,6.37,0.27 (4.43 %),6.1,6.37,6.37,6.37,100,0 TỶ,0,0,13/03/2024
HHP,10.75,0.45 (4.37 %),10.3,10.3,10.95,10.2,741400,7.87 TỶ,0,0,13/03/2024
AGR,21.8,0.90 (4.31 %),20.9,21.0,21.9,20.7,3894500,83.48 TỶ,0,0,13/03/2024
VHC,78.1,3.20 (4.27 %),74.9,76.0,79.9,75.4,1228500,95.61 TỶ,0,0,13/03/2024
DBC,32.0,1.30 (4.23 %),30.7,30.85,32.0,30.55,17142300,534.04 TỶ,0,0,13/03/2024
VND,23.55,0.95 (4.20 %),22.6,22.7,23.6,22.55,35096500,808.59 TỶ,0,0,13/03/2024
LHG,37.15,1.45 (4.06 %),35.7,36.7,37.5,36.05,542900,20.02 TỶ,0,0,13/03/2024
DAT,10.3,0.40 (4.04 %),9.9,9.76,10.3,9.76,800,0.01 TỶ,0,0,13/03/2024
IJC,15.5,0.60 (4.03 %),14.9,14.9,15.5,14.8,6346600,96.75 TỶ,0,0,13/03/2024
DGW,65.9,2.50 (3.94 %),63.4,64.3,66.5,63.5,4075100,265.4 TỶ,0,0,13/03/2024
GEX,22.85,0.85 (3.86 %),22.0,22.1,22.85,22.0,19240200,430.89 TỶ,0,0,13/03/2024
DCM,36.35,1.35 (3.86 %),35.0,35.5,36.7,35.0,8408700,304.27 TỶ,0,0,13/03/2024
MWG,48.55,1.80 (3.85 %),46.75,46.8,48.7,46.8,8934000,427.33 TỶ,0,0,13/03/2024
DHA,49.9,1.85 (3.85 %),48.05,48.2,50.0,48.1,100400,4.96 TỶ,0,0,13/03/2024
LGC,59.8,2.20 (3.82 %),57.6,59.5,60.0,57.6,400,0.02 TỶ,0,0,13/03/2024
VDP,40.0,1.45 (3.76 %),38.55,40.3,40.9,40.0,1100,0.04 TỶ,0,0,13/03/2024
HDG,29.2,1.05 (3.73 %),28.15,28.4,29.25,28.25,6768600,196.08 TỶ,0,0,13/03/2024
DXG,18.15,0.65 (3.71 %),17.5,17.5,18.2,17.5,10290400,183.28 TỶ,0,0,13/03/2024
TVB,7.9,0.28 (3.67 %),7.62,7.6,7.92,7.6,754000,5.84 TỶ,0,0,13/03/2024
DPM,36.8,1.30 (3.66 %),35.5,35.7,37.45,35.5,8410600,308.25 TỶ,0,0,13/03/2024
HCM,29.05,1.00 (3.57 %),28.05,28.15,29.1,27.9,10741500,306.92 TỶ,0,0,13/03/2024
VIB,22.05,0.75 (3.52 %),21.3,21.5,22.1,21.25,4027500,87.44 TỶ,0,0,13/03/2024
DPR,38.3,1.30 (3.51 %),37.0,38.0,38.5,37.8,1746100,66.51 TỶ,0,0,13/03/2024
PVD,31.35,1.05 (3.47 %),30.3,30.5,31.4,30.25,7366400,227.97 TỶ,0,0,13/03/2024
PJT,10.5,0.35 (3.45 %),10.15,10.5,10.5,10.5,17800,0.19 TỶ,0,0,13/03/2024
HSG,22.6,0.75 (3.43 %),21.85,22.0,22.7,21.85,11284600,250.47 TỶ,0,0,13/03/2024
LCG,13.6,0.45 (3.42 %),13.15,13.2,13.65,13.2,9493000,128.06 TỶ,0,0,13/03/2024
NTL,35.15,1.15 (3.38 %),34.0,34.4,35.8,34.4,1419000,49.95 TỶ,0,0,13/03/2024
ACB,27.65,0.90 (3.36 %),26.75,26.75,27.65,26.75,8935300,242.88 TỶ,0,0,13/03/2024
CMG,41.95,1.35 (3.33 %),40.6,40.95,42.8,40.85,386500,16.21 TỶ,0,0,13/03/2024
TVS,25.0,0.80 (3.31 %),24.2,24.2,25.4,23.9,310800,7.71 TỶ,0,0,13/03/2024
DPG,40.7,1.30 (3.30 %),39.4,39.7,40.7,39.4,690100,27.61 TỶ,0,0,13/03/2024
TNH,22.25,0.70 (3.25 %),21.55,21.5,22.25,21.5,554400,12.15 TỶ,0,0,13/03/2024
MBB,23.85,0.75 (3.25 %),23.1,23.1,23.85,23.1,15265200,357.66 TỶ,0,0,13/03/2024
ACG,42.5,1.30 (3.16 %),41.2,40.55,42.95,40.55,28800,1.2 TỶ,0,0,13/03/2024
ITD,10.2,0.31 (3.13 %),9.89,9.88,10.2,9.71,71700,0.72 TỶ,0,0,13/03/2024
MSH,42.8,1.30 (3.13 %),41.5,41.5,43.95,41.5,382300,16.39 TỶ,0,0,13/03/2024
IDI,13.25,0.40 (3.11 %),12.85,12.85,13.4,12.85,5322500,69.94 TỶ,0,0,13/03/2024
CNG,31.7,0.95 (3.09 %),30.75,30.8,32.0,30.65,611500,19.15 TỶ,0,0,13/03/2024
SIP,93.8,2.80 (3.08 %),91.0,94.4,94.4,91.1,355600,33.21 TỶ,0,0,13/03/2024
DHC,44.1,1.30 (3.04 %),42.8,43.4,44.5,43.1,618500,27.2 TỶ,0,0,13/03/2024
CRC,6.81,0.20 (3.03 %),6.61,6.61,7.0,6.61,106600,0.72 TỶ,0,0,13/03/2024
NKG,24.2,0.70 (2.98 %),23.5,23.5,24.4,23.45,10826600,259.11 TỶ,0,0,13/03/2024
HQC,4.35,0.12 (2.84 %),4.23,4.33,4.35,4.26,7712400,33.25 TỶ,0,0,13/03/2024
KBC,32.9,0.90 (2.81 %),32.0,32.5,32.95,32.2,12353400,402.61 TỶ,0,0,13/03/2024
GMD,80.6,2.20 (2.81 %),78.4,79.3,82.3,78.8,2526800,203.51 TỶ,0,0,13/03/2024
PC1,29.4,0.80 (2.80 %),28.6,28.85,29.4,28.8,13750000,401.51 TỶ,0,0,13/03/2024
MSN,80.9,2.20 (2.80 %),78.7,79.0,81.0,78.9,7035500,563.76 TỶ,0,0,13/03/2024
VRE,25.9,0.70 (2.78 %),25.2,25.2,25.9,24.95,8044000,203.63 TỶ,0,0,13/03/2024
ITC,11.15,0.30 (2.76 %),10.85,10.8,11.2,10.8,633000,6.99 TỶ,0,0,13/03/2024
BCG,8.63,0.23 (2.74 %),8.4,8.47,8.63,8.4,5023300,42.64 TỶ,0,0,13/03/2024
KDH,37.6,1.00 (2.73 %),36.6,36.7,37.8,36.65,6838300,255.15 TỶ,0,0,13/03/2024
TPB,19.0,0.50 (2.70 %),18.5,18.5,19.0,18.45,7641800,142.7 TỶ,0,0,13/03/2024
VPB,19.05,0.50 (2.70 %),18.55,18.65,19.1,18.6,10986000,206.09 TỶ,0,0,13/03/2024
ADG,19.5,0.50 (2.63 %),19.0,19.5,19.55,19.5,1300,0.03 TỶ,0,0,13/03/2024
REE,63.6,1.60 (2.58 %),62.0,62.6,64.2,62.3,1469600,93.19 TỶ,0,0,13/03/2024
PDR,28.15,0.70 (2.55 %),27.45,27.55,28.15,27.5,8292300,230.11 TỶ,0,0,13/03/2024
PNJ,101.5,2.50 (2.53 %),99.0,99.0,102.8,98.3,2395200,241.71 TỶ,0,0,13/03/2024
CSV,61.2,1.50 (2.51 %),59.7,60.2,63.0,59.7,955700,58.72 TỶ,0,0,13/03/2024
NVL,16.55,0.40 (2.48 %),16.15,16.3,16.55,16.25,19855000,326.49 TỶ,0,0,13/03/2024
DIG,27.0,0.65 (2.47 %),26.35,26.55,27.0,26.35,14820100,395.1 TỶ,0,0,13/03/2024
HTG,33.3,0.80 (2.46 %),32.5,32.65,34.0,32.65,73000,2.44 TỶ,0,0,13/03/2024
APG,14.7,0.35 (2.44 %),14.35,14.35,14.7,14.35,261900,3.82 TỶ,0,0,13/03/2024
CII,18.9,0.45 (2.44 %),18.45,18.6,18.9,18.5,7899300,147.91 TỶ,0,0,13/03/2024
PET,27.6,0.65 (2.41 %),26.95,27.05,27.9,27.05,1735500,47.8 TỶ,0,0,13/03/2024
OCB,15.0,0.35 (2.39 %),14.65,14.75,15.0,14.6,2134200,31.55 TỶ,0,0,13/03/2024
TCH,13.1,0.30 (2.34 %),12.8,12.85,13.1,12.8,5644800,73.16 TỶ,0,0,13/03/2024
PAN,24.3,0.55 (2.32 %),23.75,23.6,24.4,23.6,3344800,80.8 TỶ,0,0,13/03/2024
TLH,8.44,0.19 (2.30 %),8.25,8.23,8.45,8.18,1709600,14.28 TỶ,0,0,13/03/2024
FCM,4.52,0.10 (2.26 %),4.42,4.45,4.52,4.4,128900,0.57 TỶ,0,0,13/03/2024
HNA,23.0,0.50 (2.22 %),22.5,22.3,23.0,22.3,4100,0.09 TỶ,0,0,13/03/2024
DTA,5.06,0.11 (2.22 %),4.95,4.99,5.11,4.7,39900,0.2 TỶ,0,0,13/03/2024
GVR,32.3,0.70 (2.22 %),31.6,32.2,33.0,31.8,3675000,118.51 TỶ,0,0,13/03/2024
SHB,11.55,0.25 (2.21 %),11.3,11.3,11.6,11.3,14856700,170.33 TỶ,0,0,13/03/2024
VPG,16.3,0.35 (2.19 %),15.95,16.0,16.45,15.85,1209500,19.5 TỶ,0,0,13/03/2024
FTS,62.8,1.30 (2.11 %),61.5,61.7,63.1,61.4,2603000,162.44 TỶ,0,0,13/03/2024
PLX,37.1,0.75 (2.06 %),36.35,36.8,37.1,36.5,1172600,43.13 TỶ,0,0,13/03/2024
OGC,6.95,0.14 (2.06 %),6.81,6.81,6.98,6.7,600200,4.1 TỶ,0,0,13/03/2024
HTL,15.3,0.30 (2.00 %),15.0,15.1,15.3,15.0,3200,0.05 TỶ,0,0,13/03/2024
HCD,10.2,0.20 (2.00 %),10.0,10.1,10.25,9.98,700900,7.07 TỶ,0,0,13/03/2024
ANV,35.8,0.70 (1.99 %),35.1,35.5,36.7,35.15,2664400,95.67 TỶ,0,0,13/03/2024
HPG,30.8,0.60 (1.99 %),30.2,30.2,30.85,30.1,29367000,897.03 TỶ,0,0,13/03/2024
STB,30.85,0.60 (1.98 %),30.25,30.3,30.85,30.15,16466100,500.8 TỶ,0,0,13/03/2024
TCB,42.0,0.80 (1.94 %),41.2,41.2,42.0,40.95,7892700,327.71 TỶ,0,0,13/03/2024
SRC,29.0,0.55 (1.93 %),28.45,28.95,29.0,28.95,1000,0.03 TỶ,0,0,13/03/2024
VIC,45.0,0.85 (1.93 %),44.15,44.25,45.0,44.1,2238600,99.44 TỶ,0,0,13/03/2024
BCM,69.2,1.30 (1.91 %),67.9,68.1,69.7,68.0,1393800,95.78 TỶ,0,0,13/03/2024
CTG,35.15,0.65 (1.88 %),34.5,34.6,35.15,34.2,6141800,212.71 TỶ,0,0,13/03/2024
VCG,24.4,0.45 (1.88 %),23.95,24.1,24.45,23.9,5587700,135.16 TỶ,0,0,13/03/2024
RDP,8.15,0.15 (1.88 %),8.0,8.0,8.25,7.97,797600,6.45 TỶ,0,0,13/03/2024
DC4,10.9,0.20 (1.87 %),10.7,10.6,10.95,10.45,197500,2.11 TỶ,0,0,13/03/2024
AAA,10.9,0.20 (1.87 %),10.7,10.7,10.9,10.7,2426900,26.26 TỶ,0,0,13/03/2024
PTC,6.03,0.11 (1.86 %),5.92,5.92,6.08,5.9,62900,0.38 TỶ,0,0,13/03/2024
VSC,22.05,0.40 (1.85 %),21.65,21.75,22.1,21.55,4129000,90.5 TỶ,0,0,13/03/2024
IMP,66.2,1.20 (1.85 %),65.0,64.8,66.3,64.8,28700,1.88 TỶ,0,0,13/03/2024
HDC,30.55,0.55 (1.83 %),30.0,30.05,30.7,29.9,2677300,81.23 TỶ,0,0,13/03/2024
AGG,22.5,0.40 (1.81 %),22.1,22.1,22.5,21.5,1182300,25.85 TỶ,0,0,13/03/2024
PAC,31.45,0.55 (1.78 %),30.9,30.05,31.6,30.05,55000,1.72 TỶ,0,0,13/03/2024
EVE,14.3,0.25 (1.78 %),14.05,14.1,14.35,14.05,148200,2.11 TỶ,0,0,13/03/2024
ASM,11.45,0.20 (1.78 %),11.25,11.3,11.65,11.3,2906200,33.3 TỶ,0,0,13/03/2024
HBC,8.65,0.15 (1.76 %),8.5,8.55,8.77,8.5,1311800,11.35 TỶ,0,0,13/03/2024
DLG,2.33,0.04 (1.75 %),2.29,2.29,2.33,2.28,2260700,5.2 TỶ,0,0,13/03/2024
HAX,14.6,0.25 (1.74 %),14.35,14.45,14.6,14.3,439300,6.35 TỶ,0,0,13/03/2024
VPH,7.6,0.13 (1.74 %),7.47,7.47,7.62,7.35,150300,1.13 TỶ,0,0,13/03/2024
LSS,11.7,0.20 (1.74 %),11.5,11.6,11.8,11.5,489900,5.69 TỶ,0,0,13/03/2024
MSB,14.95,0.25 (1.70 %),14.7,14.75,15.0,14.65,6676800,98.64 TỶ,0,0,13/03/2024
PVT,27.0,0.45 (1.69 %),26.55,26.75,27.0,26.55,3003900,80.71 TỶ,0,0,13/03/2024
VCB,96.0,1.60 (1.69 %),94.4,94.9,96.5,94.3,3124500,299.07 TỶ,0,0,13/03/2024
SCR,7.26,0.12 (1.68 %),7.14,7.2,7.26,7.16,1531800,11.04 TỶ,0,0,13/03/2024
ELC,24.25,0.40 (1.68 %),23.85,24.2,24.95,23.95,3119000,76.11 TỶ,0,0,13/03/2024
FIT,4.86,0.08 (1.67 %),4.78,4.78,4.87,4.78,914500,4.41 TỶ,0,0,13/03/2024
DRC,34.0,0.55 (1.64 %),33.45,33.45,34.7,32.55,4750000,157.83 TỶ,0,0,13/03/2024
CCL,8.94,0.14 (1.59 %),8.8,8.8,9.0,8.8,149300,1.33 TỶ,0,0,13/03/2024
BTT,32.0,0.50 (1.59 %),31.5,32.7,32.7,32.0,400,0.01 TỶ,0,0,13/03/2024
HHS,8.33,0.13 (1.59 %),8.2,8.2,8.4,8.19,1663600,13.79 TỶ,0,0,13/03/2024
VNG,9.14,0.14 (1.56 %),9.0,9.0,9.14,8.99,4400,0.04 TỶ,0,0,13/03/2024
HT1,13.25,0.20 (1.53 %),13.05,13.15,13.25,13.05,272400,3.58 TỶ,0,0,13/03/2024
CTR,119.6,1.70 (1.44 %),117.9,120.0,123.0,117.7,504400,60.43 TỶ,0,0,13/03/2024
DHG,112.8,1.60 (1.44 %),111.2,111.3,113.3,111.3,30300,3.41 TỶ,0,0,13/03/2024
FMC,49.6,0.70 (1.43 %),48.9,49.05,50.1,49.0,178800,8.85 TỶ,0,0,13/03/2024
GAS,79.0,1.10 (1.41 %),77.9,78.4,79.2,78.0,1230900,96.71 TỶ,0,0,13/03/2024
GMH,10.8,0.15 (1.41 %),10.65,10.6,10.8,10.6,69800,0.75 TỶ,0,0,13/03/2024
SAM,6.49,0.09 (1.41 %),6.4,6.4,6.55,6.4,334600,2.16 TỶ,0,0,13/03/2024
QBS,2.19,0.03 (1.39 %),2.16,2.17,2.22,2.16,331400,0.72 TỶ,0,0,13/03/2024
KSB,25.65,0.35 (1.38 %),25.3,25.7,25.7,25.3,1708600,43.64 TỶ,0,0,13/03/2024
BVH,44.0,0.60 (1.38 %),43.4,43.45,44.0,43.25,579300,25.19 TỶ,0,0,13/03/2024
SFI,37.5,0.50 (1.35 %),37.0,37.5,37.6,37.1,37200,1.39 TỶ,0,0,13/03/2024
SKG,15.05,0.20 (1.35 %),14.85,14.9,15.05,14.8,381200,5.69 TỶ,0,0,13/03/2024
POM,5.35,0.07 (1.33 %),5.28,5.25,5.38,5.24,1588700,8.41 TỶ,0,0,13/03/2024
HHV,15.3,0.20 (1.32 %),15.1,15.3,15.3,15.15,4818500,73.36 TỶ,0,0,13/03/2024
TTF,4.63,0.06 (1.31 %),4.57,4.58,4.66,4.54,1946700,8.93 TỶ,0,0,13/03/2024
CTI,15.75,0.20 (1.29 %),15.55,15.6,15.8,15.5,415100,6.52 TỶ,0,0,13/03/2024
RAL,128.0,1.60 (1.27 %),126.4,128.0,128.5,126.5,22700,2.9 TỶ,0,0,13/03/2024
HAH,44.2,0.55 (1.26 %),43.65,43.9,44.9,43.45,3417500,150.58 TỶ,0,0,13/03/2024
TIP,28.15,0.35 (1.26 %),27.8,28.2,28.6,27.95,1014900,28.58 TỶ,0,0,13/03/2024
NAV,16.1,0.20 (1.26 %),15.9,16.05,16.1,16.05,300,0 TỶ,0,0,13/03/2024
HAP,4.89,0.06 (1.24 %),4.83,4.81,4.89,4.77,187600,0.9 TỶ,0,0,13/03/2024
TDH,4.11,0.05 (1.23 %),4.06,4.06,4.12,4.05,196900,0.8 TỶ,0,0,13/03/2024
AST,57.7,0.70 (1.23 %),57.0,57.7,57.9,56.6,6000,0.34 TỶ,0,0,13/03/2024
TDC,9.11,0.11 (1.22 %),9.0,9.0,9.11,8.99,184000,1.67 TỶ,0,0,13/03/2024
HNG,4.24,0.05 (1.19 %),4.19,4.19,4.28,4.17,3199300,13.52 TỶ,0,0,13/03/2024
HAR,4.26,0.05 (1.19 %),4.21,4.22,4.28,4.22,418500,1.78 TỶ,0,0,13/03/2024
HTV,9.39,0.11 (1.19 %),9.28,9.5,9.5,9.2,15900,0.15 TỶ,0,0,13/03/2024
HSL,6.04,0.07 (1.17 %),5.97,5.98,6.05,5.95,170900,1.02 TỶ,0,0,13/03/2024
EVF,17.3,0.20 (1.17 %),17.1,17.25,17.4,17.0,10718200,183.94 TỶ,0,0,13/03/2024
DXS,6.98,0.08 (1.16 %),6.9,6.9,7.0,6.9,1054400,7.32 TỶ,0,0,13/03/2024
GEG,13.1,0.15 (1.16 %),12.95,13.0,13.1,12.9,533200,6.91 TỶ,0,0,13/03/2024
BID,52.6,0.60 (1.15 %),52.0,52.2,52.6,51.8,1398100,72.99 TỶ,0,0,13/03/2024
VNM,70.8,0.80 (1.14 %),70.0,70.1,70.9,70.0,5646500,397.97 TỶ,0,0,13/03/2024
JVC,3.6,0.04 (1.12 %),3.56,3.56,3.64,3.56,306500,1.1 TỶ,0,0,13/03/2024
CMV,9.1,0.10 (1.11 %),9.0,9.1,9.1,9.1,400,0 TỶ,0,0,13/03/2024
TNT,5.47,0.06 (1.11 %),5.41,5.43,5.55,5.43,304700,1.67 TỶ,0,0,13/03/2024
SJS,75.5,0.80 (1.07 %),74.7,74.7,75.5,73.9,254800,19.08 TỶ,0,0,13/03/2024
PSH,7.68,0.08 (1.05 %),7.6,7.6,7.7,7.6,367400,2.81 TỶ,0,0,13/03/2024
PGC,14.55,0.15 (1.04 %),14.4,14.4,14.7,14.4,13500,0.2 TỶ,0,0,13/03/2024
TDG,3.89,0.04 (1.04 %),3.85,3.85,3.9,3.81,97600,0.38 TỶ,0,0,13/03/2024
ABS,5.85,0.06 (1.04 %),5.79,5.79,5.85,5.75,549000,3.17 TỶ,0,0,13/03/2024
BCE,5.99,0.06 (1.01 %),5.93,6.0,6.0,5.93,24400,0.14 TỶ,0,0,13/03/2024
VNL,15.0,0.15 (1.01 %),14.85,14.9,15.0,14.8,30900,0.46 TỶ,0,0,13/03/2024
ITA,6.07,0.06 (1.00 %),6.01,6.07,6.09,6.02,2286500,13.84 TỶ,0,0,13/03/2024
STK,31.0,0.30 (0.98 %),30.7,31.15,31.3,30.4,64600,2 TỶ,0,0,13/03/2024
VCA,9.6,0.09 (0.95 %),9.51,9.8,9.8,9.6,400,0 TỶ,0,0,13/03/2024
DHM,9.62,0.09 (0.94 %),9.53,9.7,9.7,9.6,63900,0.62 TỶ,0,0,13/03/2024
AAT,5.35,0.05 (0.94 %),5.3,5.3,5.39,5.3,160300,0.86 TỶ,0,0,13/03/2024
EVG,5.43,0.05 (0.93 %),5.38,5.43,5.47,5.36,1331300,7.19 TỶ,0,0,13/03/2024
DRL,66.5,0.60 (0.91 %),65.9,65.4,66.9,65.4,4200,0.28 TỶ,0,0,13/03/2024
C47,6.75,0.06 (0.90 %),6.69,6.75,6.75,6.66,154600,1.04 TỶ,0,0,13/03/2024
SZC,45.3,0.40 (0.89 %),44.9,46.0,46.0,45.1,1434800,65.09 TỶ,0,0,13/03/2024
LPB,17.0,0.15 (0.89 %),16.85,17.0,17.05,16.8,3635300,61.59 TỶ,0,0,13/03/2024
POW,11.6,0.10 (0.87 %),11.5,11.5,11.65,11.5,4092200,47.36 TỶ,0,0,13/03/2024
HTI,17.4,0.15 (0.87 %),17.25,17.2,17.4,17.2,800,0.01 TỶ,0,0,13/03/2024
DRH,4.7,0.04 (0.86 %),4.66,4.68,4.75,4.66,657100,3.09 TỶ,0,0,13/03/2024
SAB,59.6,0.50 (0.85 %),59.1,59.3,59.6,58.6,1485900,87.83 TỶ,0,0,13/03/2024
GSP,12.0,0.10 (0.84 %),11.9,11.85,12.0,11.85,188000,2.24 TỶ,0,0,13/03/2024
HMC,12.0,0.10 (0.84 %),11.9,11.9,12.0,11.9,5100,0.06 TỶ,0,0,13/03/2024
KHG,6.08,0.05 (0.83 %),6.03,6.03,6.08,5.99,3848800,23.19 TỶ,0,0,13/03/2024
TSC,3.67,0.03 (0.82 %),3.64,3.64,3.67,3.64,670600,2.45 TỶ,0,0,13/03/2024
HII,6.14,0.05 (0.82 %),6.09,6.07,6.14,6.0,195200,1.18 TỶ,0,0,13/03/2024
CMX,8.92,0.07 (0.79 %),8.85,8.88,9.07,8.8,640300,5.73 TỶ,0,0,13/03/2024
HVN,13.7,0.10 (0.74 %),13.6,13.6,13.95,13.6,1012000,13.97 TỶ,0,0,13/03/2024
PPC,13.75,0.10 (0.73 %),13.65,13.75,13.75,13.55,162300,2.21 TỶ,0,0,13/03/2024
VFG,55.7,0.40 (0.72 %),55.3,55.9,56.3,55.4,24700,1.38 TỶ,0,0,13/03/2024
CRE,8.41,0.06 (0.72 %),8.35,8.35,8.51,8.33,545900,4.6 TỶ,0,0,13/03/2024
BRC,14.1,0.10 (0.71 %),14.0,14.3,14.3,14.1,1500,0.02 TỶ,0,0,13/03/2024
NSC,75.5,0.50 (0.67 %),75.0,75.0,75.5,75.0,800,0.06 TỶ,0,0,13/03/2024
HDB,23.1,0.15 (0.65 %),22.95,22.95,23.2,22.6,6348800,144.9 TỶ,0,0,13/03/2024
DQC,15.85,0.10 (0.63 %),15.75,15.9,15.9,15.6,51200,0.8 TỶ,0,0,13/03/2024
SCS,80.0,0.50 (0.63 %),79.5,79.5,80.0,79.5,160100,12.79 TỶ,0,0,13/03/2024
DCL,24.65,0.15 (0.61 %),24.5,24.5,24.9,24.4,41500,1.02 TỶ,0,0,13/03/2024
GDT,25.4,0.15 (0.59 %),25.25,24.95,25.4,24.95,49800,1.25 TỶ,0,0,13/03/2024
VHM,42.95,0.25 (0.59 %),42.7,42.8,43.0,42.5,7332900,313.13 TỶ,0,0,13/03/2024
NNC,17.5,0.10 (0.57 %),17.4,17.4,17.5,17.35,15200,0.27 TỶ,0,0,13/03/2024
D2D,37.05,0.20 (0.54 %),36.85,36.85,37.5,36.85,50400,1.87 TỶ,0,0,13/03/2024
UIC,37.4,0.20 (0.54 %),37.2,37.3,37.65,37.3,6800,0.25 TỶ,0,0,13/03/2024
BMC,19.4,0.10 (0.52 %),19.3,19.25,19.45,19.0,41600,0.8 TỶ,0,0,13/03/2024
VPI,58.5,0.30 (0.52 %),58.2,58.2,58.7,58.1,1120400,65.35 TỶ,0,0,13/03/2024
TYA,10.05,0.05 (0.50 %),10.0,10.0,10.05,10.0,600,0.01 TỶ,0,0,13/03/2024
PTL,4.03,0.02 (0.50 %),4.01,4.01,4.09,4.01,92300,0.37 TỶ,0,0,13/03/2024
TNA,6.06,0.03 (0.50 %),6.03,6.03,6.11,6.0,82000,0.49 TỶ,0,0,13/03/2024
VTO,10.6,0.05 (0.47 %),10.55,10.4,10.6,10.4,197500,2.08 TỶ,0,0,13/03/2024
THG,42.5,0.20 (0.47 %),42.3,42.7,42.7,42.25,100300,4.26 TỶ,0,0,13/03/2024
SBV,11.15,0.05 (0.45 %),11.1,11.15,11.15,10.95,10700,0.12 TỶ,0,0,13/03/2024
ST8,11.2,0.05 (0.45 %),11.15,11.6,11.65,11.15,975600,11.12 TỶ,0,0,13/03/2024
VIP,11.2,0.05 (0.45 %),11.15,11.15,11.2,11.05,193300,2.15 TỶ,0,0,13/03/2024
TDP,33.9,0.15 (0.44 %),33.75,32.0,33.9,32.0,143700,4.82 TỶ,0,0,13/03/2024
SGT,11.9,0.05 (0.42 %),11.85,11.7,11.9,11.65,36100,0.42 TỶ,0,0,13/03/2024
VOS,11.9,0.05 (0.42 %),11.85,11.95,12.0,11.8,1324800,15.74 TỶ,0,0,13/03/2024
MHC,9.84,0.04 (0.41 %),9.8,9.6,9.91,9.6,229700,2.25 TỶ,0,0,13/03/2024
SMC,12.4,0.05 (0.40 %),12.35,12.6,12.65,12.2,1039800,12.95 TỶ,0,0,13/03/2024
DBT,12.4,0.05 (0.40 %),12.35,12.35,12.4,12.3,7800,0.1 TỶ,0,0,13/03/2024
HAG,12.45,0.05 (0.40 %),12.4,12.5,12.55,12.3,8590200,107.09 TỶ,0,0,13/03/2024
ACC,12.5,0.05 (0.40 %),12.45,12.45,12.5,12.4,41700,0.52 TỶ,0,0,13/03/2024
NT2,25.9,0.10 (0.39 %),25.8,25.85,26.0,25.7,1019700,26.4 TỶ,0,0,13/03/2024
VNS,13.0,0.05 (0.39 %),12.95,13.0,13.0,12.9,10500,0.14 TỶ,0,0,13/03/2024
APH,8.09,0.03 (0.37 %),8.06,8.06,8.15,7.99,790700,6.36 TỶ,0,0,13/03/2024
TNI,2.81,0.01 (0.36 %),2.8,2.78,2.84,2.78,91000,0.25 TỶ,0,0,13/03/2024
CHP,29.4,0.10 (0.34 %),29.3,29.3,29.4,29.1,65600,1.92 TỶ,0,0,13/03/2024
HID,2.96,0.01 (0.34 %),2.95,2.95,2.96,2.94,89500,0.26 TỶ,0,0,13/03/2024
SAV,14.95,0.05 (0.34 %),14.9,14.8,14.95,14.6,45200,0.67 TỶ,0,0,13/03/2024
NAF,15.1,0.05 (0.33 %),15.05,15.05,15.1,14.95,82800,1.24 TỶ,0,0,13/03/2024
ILB,30.5,0.10 (0.33 %),30.4,30.4,30.5,30.3,3200,0.1 TỶ,0,0,13/03/2024
VNE,6.18,0.02 (0.32 %),6.16,6.18,6.18,6.15,196200,1.21 TỶ,0,0,13/03/2024
FCN,15.6,0.05 (0.32 %),15.55,15.65,16.15,15.6,6434300,102.8 TỶ,0,0,13/03/2024
MIG,17.9,0.05 (0.28 %),17.85,17.9,17.9,17.7,165000,2.94 TỶ,0,0,13/03/2024
LGL,3.9,0.01 (0.26 %),3.89,3.93,3.94,3.89,58600,0.23 TỶ,0,0,13/03/2024
TTA,8.16,0.02 (0.25 %),8.14,8.19,8.2,8.05,617300,5.03 TỶ,0,0,13/03/2024
DAH,4.23,0.01 (0.24 %),4.22,4.22,4.23,4.18,192300,0.81 TỶ,0,0,13/03/2024
PGV,21.95,0.05 (0.23 %),21.9,21.9,22.0,21.9,6100,0.13 TỶ,0,0,13/03/2024
SSB,22.6,0.05 (0.22 %),22.55,22.55,22.65,22.3,1415800,31.81 TỶ,0,0,13/03/2024
BMI,23.2,0.05 (0.22 %),23.15,23.15,23.3,23.0,185700,4.29 TỶ,0,0,13/03/2024
PLP,5.13,0.01 (0.20 %),5.12,5.12,5.16,5.12,150300,0.77 TỶ,0,0,13/03/2024
HVH,5.2,0.01 (0.19 %),5.19,5.18,5.21,5.18,107600,0.56 TỶ,0,0,13/03/2024
BIC,28.35,0.05 (0.18 %),28.3,28.3,28.35,28.15,36800,1.04 TỶ,0,0,13/03/2024
DSN,57.7,0.10 (0.17 %),57.6,57.8,57.9,57.6,29100,1.68 TỶ,0,0,13/03/2024
CIG,6.01,0.01 (0.17 %),6.0,6.02,6.02,5.99,84100,0.51 TỶ,0,0,13/03/2024
PTB,63.0,0.10 (0.16 %),62.9,63.2,63.7,62.7,774300,48.97 TỶ,0,0,13/03/2024
SHP,33.65,0.05 (0.15 %),33.6,33.6,33.7,33.2,6400,0.22 TỶ,0,0,13/03/2024
PHC,7.09,0.01 (0.14 %),7.08,7.14,7.17,7.05,256000,1.81 TỶ,0,0,13/03/2024
BMP,116.1,0.10 (0.09 %),116.0,116.7,119.9,116.1,384400,45.37 TỶ,0,0,13/03/2024
VCF,191.7,0.10 (0.05 %),191.6,191.5,191.7,185.0,2300,0.43 TỶ,0,0,13/03/2024
ADP,23.9,0.00 (0.00 %),23.9,24.0,24.1,23.9,700,0.02 TỶ,0,0,13/03/2024
ABR,12.5,0.00 (0.00 %),12.5,12.5,12.5,12.5,400,0.01 TỶ,0,0,13/03/2024
VSH,50.0,0.00 (0.00 %),50.0,50.3,50.3,49.9,19200,0.96 TỶ,0,0,13/03/2024
SZL,41.0,0.00 (0.00 %),41.0,40.3,42.5,40.3,7400,0.3 TỶ,0,0,13/03/2024
VSI,17.55,0.00 (0.00 %),17.55,17.55,17.55,17.55,0,0 TỶ,0,0,13/03/2024
STG,47.75,0.00 (0.00 %),47.75,47.75,47.75,47.75,0,0 TỶ,0,0,13/03/2024
VTB,10.45,0.00 (0.00 %),10.45,10.45,10.45,10.45,100,0 TỶ,0,0,13/03/2024
AAM,9.2,0.00 (0.00 %),9.2,9.2,9.2,9.19,3700,0.03 TỶ,0,0,13/03/2024
VMD,17.15,0.00 (0.00 %),17.15,17.15,17.2,17.15,5500,0.09 TỶ,0,0,13/03/2024
TCM,44.9,0.00 (0.00 %),44.9,44.55,45.15,44.25,1111500,49.69 TỶ,0,0,13/03/2024
BAF,27.6,0.00 (0.00 %),27.6,27.6,28.0,27.45,3904200,108.28 TỶ,0,0,13/03/2024
BHN,39.0,0.00 (0.00 %),39.0,39.0,39.0,39.0,200,0.01 TỶ,0,0,13/03/2024
TLD,5.25,0.00 (0.00 %),5.25,5.23,5.26,5.2,159400,0.83 TỶ,0,0,13/03/2024
CCI,22.0,0.00 (0.00 %),22.0,22.0,22.0,22.0,0,0 TỶ,0,0,13/03/2024
BKG,4.54,0.00 (0.00 %),4.54,4.53,4.72,4.53,938400,4.29 TỶ,0,0,13/03/2024
CLL,40.75,0.00 (0.00 %),40.75,42.9,42.9,40.75,3200,0.13 TỶ,0,0,13/03/2024
TTE,9.5,0.00 (0.00 %),9.5,9.5,9.5,9.5,0,0 TỶ,0,0,13/03/2024
TDM,43.85,0.00 (0.00 %),43.85,43.85,43.85,43.5,130400,5.71 TỶ,0,0,13/03/2024
TDW,45.65,0.00 (0.00 %),45.65,45.65,45.65,45.65,0,0 TỶ,0,0,13/03/2024
TNC,61.9,0.00 (0.00 %),61.9,61.9,61.9,61.9,100,0.01 TỶ,0,0,13/03/2024
TMS,54.8,0.00 (0.00 %),54.8,54.8,54.8,54.8,0,0 TỶ,0,0,13/03/2024
C32,18.5,0.00 (0.00 %),18.5,18.7,18.7,18.15,13600,0.25 TỶ,0,0,13/03/2024
TBC,39.0,0.00 (0.00 %),39.0,39.0,39.3,39.0,5300,0.21 TỶ,0,0,13/03/2024
TIX,36.5,0.00 (0.00 %),36.5,36.5,36.5,36.5,500,0.02 TỶ,0,0,13/03/2024
YEG,10.5,0.00 (0.00 %),10.5,10.4,10.6,10.35,1099200,11.49 TỶ,0,0,13/03/2024
DMC,64.0,0.00 (0.00 %),64.0,65.9,65.9,64.0,9500,0.61 TỶ,0,0,13/03/2024
PNC,8.87,0.00 (0.00 %),8.87,8.86,8.87,8.86,1000,0.01 TỶ,0,0,13/03/2024
PMG,9.0,0.00 (0.00 %),9.0,9.0,9.0,9.0,0,0 TỶ,0,0,13/03/2024
DBD,55.1,0.00 (0.00 %),55.1,55.1,55.1,54.9,10400,0.57 TỶ,0,0,13/03/2024
PGI,24.0,0.00 (0.00 %),24.0,24.0,24.0,24.0,4500,0.11 TỶ,0,0,13/03/2024
PGD,37.1,0.00 (0.00 %),37.1,37.1,37.1,37.0,4900,0.18 TỶ,0,0,13/03/2024
SSC,32.6,0.00 (0.00 %),32.6,32.6,32.6,32.6,300,0.01 TỶ,0,0,13/03/2024
PDN,109.0,0.00 (0.00 %),109.0,109.0,109.0,109.0,0,0 TỶ,0,0,13/03/2024
OPC,23.2,0.00 (0.00 %),23.2,23.2,23.2,23.15,7800,0.18 TỶ,0,0,13/03/2024
DTL,14.7,0.00 (0.00 %),14.7,14.7,14.7,14.7,1000,0.01 TỶ,0,0,13/03/2024
DTT,21.0,0.00 (0.00 %),21.0,21.0,21.0,21.0,0,0 TỶ,0,0,13/03/2024
NVT,8.05,0.00 (0.00 %),8.05,8.05,8.05,8.05,0,0 TỶ,0,0,13/03/2024
DXV,3.73,0.00 (0.00 %),3.73,3.73,3.73,3.73,1500,0.01 TỶ,0,0,13/03/2024
EIB,18.15,0.00 (0.00 %),18.15,18.2,18.25,17.95,15273300,275.71 TỶ,0,0,13/03/2024
DAG,3.16,0.00 (0.00 %),3.16,3.18,3.18,3.14,267300,0.84 TỶ,0,0,13/03/2024
NHT,12.1,0.00 (0.00 %),12.1,12.1,12.1,12.1,0,0 TỶ,0,0,13/03/2024
NCT,91.0,0.00 (0.00 %),91.0,91.0,91.4,90.8,13400,1.22 TỶ,0,0,13/03/2024
GTA,14.0,0.00 (0.00 %),14.0,14.0,14.0,14.0,2300,0.03 TỶ,0,0,13/03/2024
FRT,158.0,0.00 (0.00 %),158.0,159.0,159.0,155.5,668900,104.88 TỶ,0,0,13/03/2024
MCP,39.0,0.00 (0.00 %),39.0,39.0,39.0,39.0,0,0 TỶ,0,0,13/03/2024
LM8,13.8,0.00 (0.00 %),13.8,13.8,13.8,13.8,100,0 TỶ,0,0,13/03/2024
LIX,67.1,0.00 (0.00 %),67.1,67.2,67.2,65.5,60500,4.04 TỶ,0,0,13/03/2024
LBM,43.6,0.00 (0.00 %),43.6,43.6,43.6,43.35,23300,1.01 TỶ,0,0,13/03/2024
LAF,16.95,0.00 (0.00 %),16.95,16.95,16.95,16.7,35400,0.6 TỶ,0,0,13/03/2024
KPF,4.46,0.00 (0.00 %),4.46,4.45,4.54,4.45,297900,1.33 TỶ,0,0,13/03/2024
NHH,18.75,0.00 (0.00 %),18.75,18.65,18.8,18.35,1139200,21.19 TỶ,0,0,13/03/2024
PVP,13.7,0.00 (0.00 %),13.7,13.8,13.8,13.6,394200,5.4 TỶ,0,0,13/03/2024
HVX,2.94,0.00 (0.00 %),2.94,2.94,2.94,2.91,13500,0.04 TỶ,0,0,13/03/2024
HU1,5.8,0.00 (0.00 %),5.8,5.8,5.81,5.8,13300,0.08 TỶ,0,0,13/03/2024
CLW,34.85,0.00 (0.00 %),34.85,34.85,34.85,34.85,0,0 TỶ,0,0,13/03/2024
QCG,9.3,0.00 (0.00 %),9.3,9.3,9.3,9.2,272200,2.52 TỶ,0,0,13/03/2024
SJD,15.0,0.00 (0.00 %),15.0,15.0,15.15,15.0,153600,2.31 TỶ,0,0,13/03/2024
SHI,15.0,0.00 (0.00 %),15.0,14.7,15.05,14.7,340900,5.05 TỶ,0,0,13/03/2024
SHA,4.7,0.00 (0.00 %),4.7,4.7,4.7,4.64,56500,0.26 TỶ,0,0,13/03/2024
SGN,72.4,0.00 (0.00 %),72.4,72.3,73.0,72.3,29200,2.13 TỶ,0,0,13/03/2024
S4A,37.9,0.00 (0.00 %),37.9,37.9,37.9,37.85,500,0.02 TỶ,0,0,13/03/2024
SFC,21.0,0.00 (0.00 %),21.0,21.0,21.0,21.0,0,0 TỶ,0,0,13/03/2024
COM,35.5,0.00 (0.00 %),35.5,35.5,35.5,35.5,100,0 TỶ,0,0,13/03/2024
SCD,14.5,0.00 (0.00 %),14.5,14.5,14.5,14.5,0,0 TỶ,0,0,13/03/2024
SC5,20.5,0.00 (0.00 %),20.5,20.5,20.5,20.5,0,0 TỶ,0,0,13/03/2024
KHP,9.85,-0.01 (-0.10 %),9.86,9.86,9.89,9.85,51200,0.5 TỶ,0,0,13/03/2024
FIR,9.3,-0.01 (-0.11 %),9.31,9.3,9.35,9.22,523300,4.86 TỶ,0,0,13/03/2024
TRA,81.9,-0.10 (-0.12 %),82.0,82.0,82.0,80.0,1200,0.1 TỶ,0,0,13/03/2024
KOS,39.85,-0.05 (-0.13 %),39.9,39.9,39.95,39.85,336900,13.44 TỶ,0,0,13/03/2024
TCL,38.45,-0.05 (-0.13 %),38.5,38.6,38.6,38.0,5200,0.2 TỶ,0,0,13/03/2024
TMP,72.7,-0.10 (-0.14 %),72.8,72.0,72.7,72.0,200,0.01 TỶ,0,0,13/03/2024
BBC,51.4,-0.10 (-0.19 %),51.5,51.4,51.4,51.4,300,0.02 TỶ,0,0,13/03/2024
VPD,25.35,-0.05 (-0.20 %),25.4,25.25,25.35,25.25,5100,0.13 TỶ,0,0,13/03/2024
ASP,4.99,-0.01 (-0.20 %),5.0,4.99,5.01,4.91,60300,0.3 TỶ,0,0,13/03/2024
GMC,8.88,-0.02 (-0.22 %),8.9,8.85,8.9,8.8,9000,0.08 TỶ,0,0,13/03/2024
CDC,20.15,-0.05 (-0.25 %),20.2,20.2,20.3,20.0,494200,9.96 TỶ,0,0,13/03/2024
SMB,36.8,-0.10 (-0.27 %),36.9,36.9,37.0,36.8,4200,0.15 TỶ,0,0,13/03/2024
KMR,3.52,-0.01 (-0.28 %),3.53,3.53,3.54,3.52,62900,0.22 TỶ,0,0,13/03/2024
VJC,102.2,-0.30 (-0.29 %),102.5,102.9,103.6,102.0,671300,68.84 TỶ,0,0,13/03/2024
KDC,63.3,-0.20 (-0.31 %),63.5,63.5,63.8,62.3,712700,45.03 TỶ,0,0,13/03/2024
LDG,3.01,-0.01 (-0.33 %),3.02,3.06,3.06,2.99,3311100,9.99 TỶ,0,0,13/03/2024
MDG,12.95,-0.05 (-0.38 %),13.0,12.95,12.95,12.95,100,0 TỶ,0,0,13/03/2024
ABT,37.35,-0.15 (-0.40 %),37.5,37.4,37.5,35.2,8500,0.32 TỶ,0,0,13/03/2024
PHR,60.0,-0.30 (-0.50 %),60.3,60.1,61.2,59.7,1074400,64.73 TỶ,0,0,13/03/2024
TRC,38.2,-0.20 (-0.52 %),38.4,38.35,38.4,38.2,900,0.03 TỶ,0,0,13/03/2024
BWE,43.5,-0.25 (-0.57 %),43.75,44.0,44.0,43.3,285300,12.43 TỶ,0,0,13/03/2024
SBG,16.4,-0.10 (-0.61 %),16.5,16.6,16.6,16.05,172500,2.81 TỶ,0,0,13/03/2024
HAS,7.4,-0.05 (-0.67 %),7.45,7.4,7.4,7.4,100,0 TỶ,0,0,13/03/2024
TN1,13.5,-0.10 (-0.74 %),13.6,13.6,13.6,13.5,600,0.01 TỶ,0,0,13/03/2024
ACL,12.9,-0.10 (-0.77 %),13.0,12.85,13.05,12.85,56000,0.73 TỶ,0,0,13/03/2024
SVD,2.46,-0.02 (-0.81 %),2.48,2.48,2.48,2.39,61600,0.15 TỶ,0,0,13/03/2024
DVP,71.0,-0.60 (-0.84 %),71.6,71.6,71.6,70.0,21100,1.5 TỶ,0,0,13/03/2024
CTF,29.5,-0.25 (-0.84 %),29.75,29.65,30.0,29.5,159500,4.72 TỶ,0,0,13/03/2024
CVT,29.05,-0.25 (-0.85 %),29.3,29.0,29.25,28.15,11900,0.34 TỶ,0,0,13/03/2024
SVT,11.2,-0.10 (-0.88 %),11.3,11.3,11.4,11.2,16800,0.19 TỶ,0,0,13/03/2024
BTP,20.05,-0.25 (-1.23 %),20.3,20.45,20.45,19.6,365300,7.33 TỶ,0,0,13/03/2024
SGR,19.8,-0.25 (-1.25 %),20.05,19.8,20.2,19.7,71400,1.42 TỶ,0,0,13/03/2024
SPM,11.3,-0.15 (-1.31 %),11.45,11.0,11.3,11.0,600,0.01 TỶ,0,0,13/03/2024
CKG,22.2,-0.30 (-1.33 %),22.5,22.5,22.9,22.1,131900,2.94 TỶ,0,0,13/03/2024
TMT,14.1,-0.20 (-1.40 %),14.3,14.3,14.3,14.1,500,0.01 TỶ,0,0,13/03/2024
SVC,28.0,-0.40 (-1.41 %),28.4,28.3,28.3,27.3,500,0.01 TỶ,0,0,13/03/2024
CSM,13.65,-0.20 (-1.44 %),13.85,13.9,13.9,13.6,19600,0.27 TỶ,0,0,13/03/2024
SBT,12.25,-0.20 (-1.61 %),12.45,12.45,12.55,12.1,6290600,77.29 TỶ,0,0,13/03/2024
TEG,8.9,-0.15 (-1.66 %),9.05,8.84,9.1,8.84,90900,0.82 TỶ,0,0,13/03/2024
CAV,73.0,-1.50 (-2.01 %),74.5,73.0,74.0,72.0,3200,0.23 TỶ,0,0,13/03/2024
SBA,32.0,-0.70 (-2.14 %),32.7,32.5,32.7,31.5,27900,0.89 TỶ,0,0,13/03/2024
YBM,8.8,-0.20 (-2.22 %),9.0,8.9,8.9,8.8,300,0 TỶ,0,0,13/03/2024
SMA,9.75,-0.25 (-2.50 %),10.0,9.8,9.8,9.75,5000,0.05 TỶ,0,0,13/03/2024
ASG,21.4,-0.60 (-2.73 %),22.0,20.75,21.4,20.75,500,0.01 TỶ,0,0,13/03/2024
HRC,48.0,-1.45 (-2.93 %),49.45,47.9,48.0,47.9,200,0.01 TỶ,0,0,13/03/2024
L10,19.2,-0.70 (-3.52 %),19.9,19.2,19.2,19.2,100,0 TỶ,0,0,13/03/2024
VPS,9.25,-0.40 (-4.15 %),9.65,9.11,9.67,9.11,1900,0.02 TỶ,0,0,13/03/2024
TCD,8.03,-0.35 (-4.18 %),8.38,8.26,8.3,8.03,8159400,66.16 TỶ,0,0,13/03/2024
SFG,13.8,-0.65 (-4.50 %),14.45,13.85,14.45,13.8,38600,0.54 TỶ,0,0,13/03/2024
TPC,5.5,-0.29 (-5.01 %),5.79,5.78,5.99,5.5,2100,0.01 TỶ,0,0,13/03/2024
APC,7.76,-0.42 (-5.13 %),8.18,7.75,8.1,7.7,2500,0.02 TỶ,0,0,13/03/2024
SRF,9.22,-0.57 (-5.82 %),9.79,9.5,9.79,9.21,26400,0.25 TỶ,0,0,13/03/2024
FDC,12.9,-0.95 (-6.86 %),13.85,12.9,12.9,12.9,1000,0.01 TỶ,0,0,13/03/2024
